Date of birth,Email,First Name,Index,Job Title,Last Name,Phone,Sex,User Id,1945-10-26,elijah57@example.net,Shelby,1,Games developer,Terrell,001-084-906-7849x73518,Male,88F7B33d2bcf9f5
1910-03-24,bethany14@example.com,Phillip,2,Phytotherapist,Summers,214.112.6044x4913,Female,f90cD3E76f1A9b9
1992-07-02,bthompson@example.com,Kristine,3,Homeopath,Travis,277.609.7938,Male,DbeAb8CcdfeFC2c
2017-08-03,kaitlinkaiser@example.com,Yesenia,4,Market researcher,Martinez,584.094.6111,Male,A31Bee3c201ef58
1938-12-01,buchananmanuel@example.net,Lori,5,Veterinary surgeon,Todd,689-207-3558x7233,Male,1bA7A3dc874da3c
2015-10-28,tconner@example.org,Erin,6,Waste management officer,Day,001-171-649-9856x5553,Male,bfDD7CDEF5D865B
1989-01-22,conniecowan@example.com,Katherine,7,Intelligence analyst,Buck,+1-773-151-6685x49162,Female,bE9EEf34cB72AF7
1924-03-26,wyattbishop@example.com,Ricardo,8,Hydrogeologist,Hinton,001-447-699-7998x88612,Male,2EFC6A4e77FaEaC
2018-10-06,nmccann@example.net,Dave,9,Lawyer,Farrell,603-428-2429x27392,Male,baDcC4DeefD8dEB
1964-09-20,virginiaterrell@example.org,Isaiah,10,Engineer, site,Downs,+1-511-372-1544x8206,Male,8e4FB470FE19bF0
2008-03-20,huangcathy@example.com,Sheila,11,Advertising account executive,Ross,895.881.4746,Female,BF0BbA03C29Bb3b
1980-10-20,rayleroy@example.org,Stacy,12,Warden/ranger,Newton,710.673.3213x80335,Male,F738c69fB34E62E
2007-12-08,jefferynoble@example.org,Mandy,13,Scientist, clinical (histocompatibility and immunogenetics),Blake,(992)466-1305x4947,Male,C03fDADdAadAdCe
2004-06-28,mercedes44@example.com,Bridget,14,Social worker,Nash,(216)627-8359,Female,b759b74BD1dE80d
1992-03-09,pmiranda@example.org,Crystal,15,Agricultural consultant,Farmer,+1-024-377-5391,Male,1F0B7D65A00DAF9
2006-02-18,braunpriscilla@example.net,Thomas,16,Sport and exercise psychologist,Knight,+1-360-880-0766,Female,50Bb061cB30B461
2004-08-20,sheenabanks@example.com,Maurice,17,Secretary/administrator,Rangel,(246)187-4969,Male,D6dbA5308fEC4BC
2008-09-16,gbrewer@example.org,Frank,18,Audiological scientist,Meadows,429.965.3902x4447,Male,311D775990f066d
1949-05-12,gilbertdonaldson@example.com,Alvin,19,Teacher, adult education,Paul,219.436.0887x07551,Male,7F7E1BAcb0C9AFf
1921-01-18,jcortez@example.com,Jared,20,Paediatric nurse,Mitchell,+1-958-849-6781,Female,88473e15D5c3cD0
1952-10-09,carias@example.net,Jacqueline,21,Scientist, marine,Norton,819.309.7679x59173,Female,b31D271F8c200AB
1949-10-14,fknox@example.org,Colleen,22,Commercial horticulturist,Hatfield,638.584.1090,Female,42F4BdA841aBadC
1947-12-30,huangbill@example.org,Randy,23,Outdoor activities/education manager,Barnes,001-960-629-7164x67214,Male,cBbBcA0FCA3C4Bc
1999-11-01,juarezdominique@example.net,Janice,24,Drilling engineer,Rhodes,001-249-314-9742x6996,Female,f1f89173353aD90
1993-05-28,cassandramorris@example.com,Alfred,25,Systems analyst,Mcneil,(468)276-9509x53058,Female,c5B09fb33e8bA0A
2010-10-09,sallymiller@example.net,Sean,26,Conservation officer, nature,Levine,4915828504,Male,c9F2282C40BEC1E
1916-01-29,bsullivan@example.net,Louis,27,Counsellor,Payne,6232695307,Male,9c1bc7EC53Fb7cE
1932-10-31,ayalajose@example.net,Brittney,28,Recycling officer,Vega,945-739-8686,Female,ddEc50e2A2e3a2B
1963-07-28,irosales@example.net,Judy,29,Art gallery manager,Buckley,001-654-208-1241x52830,Male,66F096D36Ebae11
1957-05-21,mconrad@example.com,Norman,30,Gaffer,Weber,223.002.0429,Male,F0fE2faAd78F8b5
1966-04-07,jimblake@example.org,Isaiah,31,Food technologist,Camacho,001-536-544-3367,Female,5d2feAfbdCAA6B5
1999-02-25,nsampson@example.net,Jacqueline,32,Building services engineer,Gallagher,(247)762-8934,Male,cDa5F303fCd6dEa
1953-12-21,caitlin24@example.net,Bonnie,33,Seismic interpreter,Andrews,+1-253-987-2776x9161,Female,8Ef7DBfcaB02b6B
1931-05-12,mconley@example.net,Brandon,34,Engineer, biomedical,Schmidt,+1-386-673-1465x006,Female,6Dec5b5542F8ed8
1980-11-18,reynoldsdarryl@example.net,Jackson,35,Set designer,Sparks,(137)908-3129x65035,Female,3Fb8a7f68e12784
1963-06-25,jeannovak@example.org,Melody,36,Research scientist (life sciences),Cook,(826)792-7381,Male,035eff50B9A0F24
1938-03-13,clinton78@example.org,Leonard,37,Accountant, chartered management,Hurst,941-038-0427x38800,Male,aa614aAE4B7Cf0C
1946-08-22,luisdeleon@example.org,Gene,38,Surveyor, quantity,Rich,+1-356-818-6604x89537,Female,ACcde95AAe3e6cC
1984-01-27,rosariodave@example.org,Cynthia,39,Outdoor activities/education manager,Wiggins,(110)858-2437x70190,Female,b6a35de5CB6fc25
2003-03-12,vickihouston@example.com,Tanya,40,Information systems manager,Mckinney,(830)774-9002x086,Female,e92A191E345fA3A
2017-08-23,evelyn31@example.org,Matthew,41,Scientist, clinical (histocompatibility and immunogenetics),Stone,952-381-6360,Female,7D0AcBF6CCac3fd
2009-04-08,stephenfuller@example.org,Kirk,42,Accounting technician,Walsh,001-826-496-5529x8661,Female,CEFA7BBCef013AE
1978-02-02,haleymathews@example.net,Willie,43,Management consultant,Vang,741.168.6854x067,Female,9edBC94aE7cA22a
1930-08-26,tyrone56@example.org,Miguel,44,Make,Hill,5247842945,Female,fFe7BAA737aDbe2
1997-10-04,lhernandez@example.com,Darren,45,Retail banker,Andrews,(975)799-4261,Male,5F2f3fAca8B0946
1980-09-16,molly03@example.org,Haley,46,Commissioning editor,Pugh,(746)182-6137x2453,Female,6bFcfc3cc1BC6B4
1930-07-09,jvang@example.org,Danielle,47,Accountant, chartered management,Estrada,(890)374-9518x772,Female,f3BD2cBF7eEb6df
1957-06-27,erikmueller@example.org,Becky,48,Seismic interpreter,Brady,(390)002-0863,Male,Ee4eB129dC7913A
1968-01-26,rivasdominique@example.org,Caitlyn,49,Jewellery designer,Frey,805-021-3965x46344,Male,dBCEf340C3657Eb
1954-07-28,daisymcgee@example.net,Joshua,50,Education officer, museum,Sweeney,875.994.2100x535,Male,E47FB71DD9ACCd9
1931-09-25,staffordtravis@example.net,Heidi,51,Estate manager/land agent,Escobar,601-155-3065x1131,Female,eA3fDd79BE9f0E7
1911-10-23,saralong@example.net,Brian,52,Physiotherapist,Oconnell,952-283-1423x733,Female,aF0eE4547Bc025c
1930-12-09,iphelps@example.net,Beverly,53,Passenger transport manager,Esparza,+1-327-578-8754x6771,Female,9F5DeD7aD228F5a
1908-11-17,roberto29@example.com,Nathaniel,54,Call centre manager,Rivas,(655)887-2040x37888,Female,D3Fa0220dDE4d36
1927-08-20,yolanda07@example.org,Debra,55,Special educational needs teacher,Payne,001-731-525-8400x52593,Female,60FdBFd5e7BE8fF
1980-10-21,abbottyvette@example.net,Mackenzie,56,Museum/gallery exhibitions officer,Rocha,4225525458,Female,D8bF5Ab2b98caff
2003-12-07,ochang@example.org,Courtney,57,Pension scheme manager,Watkins,210.683.2761x5883,Female,CD8d33aA25bc8BB
1910-04-10,amyanderson@example.com,Fred,58,Archaeologist,Olsen,497-774-3053,Female,Fac3BfFf0A3d03c
1924-05-02,qnorman@example.org,Ryan,59,Historic buildings inspector/conservation officer,Nelson,956.330.2951,Female,e552D7ddafe1FFb
1909-10-15,clarkeangela@example.net,Grace,60,Petroleum engineer,Phelps,(034)867-8827x6777,Male,0f8deedb629A5f6
1944-11-24,kalvarado@example.org,Shari,61,Curator,Daugherty,001-951-655-4798x6124,Male,bB9e49E506F65ed
2010-01-17,jodyvincent@example.org,Kelli,62,Retail banker,Garner,995.000.4213x0982,Male,Ed724605A403D91
1915-11-11,hutchinsonkirk@example.com,Jackie,63,Neurosurgeon,Bennett,001-740-937-0846x0087,Male,0aBE5ACb18E0c10
1983-11-06,floreschristina@example.org,Leslie,64,Chiropractor,Conway,795.782.4384x555,Female,5D2cb63CaAF53f6
1943-03-15,nathan65@example.org,Harold,65,Biochemist, clinical,Barnett,+1-026-265-6392,Female,Ee6974f90eeCe18
2021-05-05,maria32@example.org,Larry,66,Scientist, water quality,Harper,+1-244-630-3792x4121,Male,cEf02C076afa07f
1967-11-09,imccullough@example.com,Mike,67,Hydrologist,Ward,116-729-5046,Female,9Df5Ba591bF3EFf
1959-12-24,corey92@example.com,Brittney,68,Biochemist, clinical,Rubio,593.976.2528,Female,3faB1CBfEFBDdD4
1926-03-10,daltoncalvin@example.net,Frank,69,Hospital pharmacist,Pineda,(035)961-5060x9182,Male,Ebcefdf75eCb0a9
1925-04-28,ubanks@example.com,Sandra,70,Warehouse manager,Wu,+1-096-606-6454x067,Male,e75e5DBfcb68887
2020-10-06,lopezdebbie@example.org,Ryan,71,Physiological scientist,Benton,+1-695-557-9948x485,Male,6a53a8D41dDF6de
1933-01-31,meagan39@example.net,Tamara,72,English as a second language teacher,Hull,017.665.3744x7944,Male,F0d3bD1aaf9E3Bc
1985-08-06,kristina76@example.com,Jean,73,Financial trader,Ritter,(954)060-1066,Female,5bC87340799FBD0
1974-06-08,weissbridget@example.com,Veronica,74,Structural engineer,Briggs,+1-521-589-2387x48490,Female,dBfA17Aaf16b4ab
1990-11-15,wpetersen@example.org,Kim,75,Biochemist, clinical,Andrews,7677125383,Female,c935b7Eb6FA0B0F
1956-11-29,wongmary@example.org,Tina,76,Race relations officer,Cunningham,079-907-5051,Male,b3e15e65Ca2CcBf
2011-07-19,gailfrench@example.net,Jonathon,77,Psychologist, forensic,Atkinson,874-037-2032x932,Male,dade3452F0c32FD
1974-08-18,vpaul@example.com,Jermaine,78,Newspaper journalist,Reid,(742)214-8691,Female,AdEd6cfD85DeC46
2011-11-28,xpoole@example.net,Regina,79,Public house manager,Stevens,891-359-2684,Male,DAf111987098ae4
1944-02-27,cassandra80@example.org,Terrence,80,Careers information officer,Huff,221.800.6408x5416,Male,6e6a5b885F6496d
1908-09-19,johnathan72@example.org,Tyler,81,Economist,Foley,001-386-469-3075x8030,Female,12DCb4ED8E01D5C
1948-05-14,nhall@example.net,Andrew,82,Jewellery designer,Waters,+1-376-865-2765x3351,Male,E1cB5cA8CA7CC0a
2010-02-08,erikaball@example.net,Reginald,83,Contracting civil engineer,Stephenson,+1-832-500-6044x475,Male,AedDfaE8Cf49F07
1961-11-11,nixonvanessa@example.net,Douglas,84,Higher education lecturer,Reese,001-834-660-8312x9864,Female,bff9853aFAeF772
1911-08-11,melvin08@example.net,Helen,85,Lecturer, further education,Williamson,001-377-726-4229,Female,E883773cA5219Be
1990-07-08,oblake@example.com,Mario,86,Research scientist (life sciences),Vaughn,160-144-5039x12276,Male,CB19EafEbBfF9eC
1958-05-13,johnnyhendricks@example.net,Chelsea,87,Teacher, early years/pre,Dickson,001-698-651-0138x18588,Male,5834700fbEd2771
1908-08-22,pbarron@example.net,Dustin,88,Travel agency manager,Bailey,+1-965-621-1157x345,Male,2b0Ab1Dc9E01D7E
1947-08-24,olsenmalik@example.net,Harry,89,Technical sales engineer,Medina,+1-451-099-5805,Female,3f3a3D89ad042Dd
1955-09-02,teresa37@example.com,Kathy,90,Charity fundraiser,Haney,(164)105-8456,Female,9425E2F38C408ef
1941-07-10,zmiles@example.net,Alison,91,Patent attorney,Nixon,3506680871,Female,F0aeC9c2759F3C6
1994-07-17,sheenadouglas@example.com,Jamie,92,Conservator, furniture,Hardy,(900)803-9295x11533,Female,d6EA619A7C4aA95
1974-07-30,evan90@example.org,Melody,93,Dance movement psychotherapist,Cox,(626)520-5080x3511,Female,2A33E7Cad1bb0F5
1938-11-29,nicolas90@example.org,Xavier,94,Financial planner,Cole,8164259975,Male,d181FFB7d3E68bb
1942-04-01,angelanavarro@example.net,Dillon,95,Air broker,Guzman,971-992-4521,Female,feaBf8dAE0C0d6F
1954-07-30,bmartin@example.org,Dennis,96,Software engineer,Barnes,001-095-524-2112x257,Female,5eFda7caAeB260E
1932-04-29,latasha46@example.net,Steve,97,Barrister,Patterson,001-865-478-5157,Female,CCbFce93d3720bE
1994-12-28,regina11@example.org,Wesley,98,Police officer,Bray,995-542-3004x76800,Male,2fEc528aFAF0b69
2012-04-12,alexiscantrell@example.org,Summer,99,Broadcast journalist,Oconnell,001-273-685-6932x092,Female,Adc7ad9B6e4A1Fe
2016-11-15,pcopeland@example.org,Mariah,100,IT sales professional,Bernard,(341)594-6554x44657,Male,b8D0aD3490FC7e1
